{
  "wins": {
    "0_0": {
      "mean_delta": 5.2428245544433595e-05,
      "std_delta": 3.075616361975658e-05,
      "n": 40
    },
    "4_0": {
      "mean_delta": 8.659064769744873e-06,
      "std_delta": 2.7870505856340975e-06,
      "n": 40
    },
    "8_0": {
      "mean_delta": 1.0927021503448486e-05,
      "std_delta": 6.135246359878532e-06,
      "n": 40
    },
    "12_0": {
      "mean_delta": 7.1123242378234865e-06,
      "std_delta": 3.7737175277987353e-06,
      "n": 40
    },
    "16_0": {
      "mean_delta": 1.1351704597473144e-05,
      "std_delta": 1.7871292310988896e-05,
      "n": 40
    },
    "20_0": {
      "mean_delta": -8.252263069152831e-06,
      "std_delta": 6.271396809697418e-05,
      "n": 40
    },
    "24_0": {
      "mean_delta": 0.0005170896649360657,
      "std_delta": 0.0019901379020133875,
      "n": 40
    },
    "28_0": {
      "mean_delta": 0.002294524013996124,
      "std_delta": 0.007514621702902366,
      "n": 40
    },
    "31_0": {
      "mean_delta": -0.4493067294359207,
      "std_delta": 0.34121414736490946,
      "n": 40
    },
    "0_1": {
      "mean_delta": 1.2794137001037598e-05,
      "std_delta": 7.681979141647664e-06,
      "n": 40
    },
    "4_1": {
      "mean_delta": 1.0856986045837403e-05,
      "std_delta": 3.8090481037649804e-06,
      "n": 40
    },
    "8_1": {
      "mean_delta": 1.7474591732025147e-05,
      "std_delta": 7.964704948829653e-06,
      "n": 40
    },
    "12_1": {
      "mean_delta": 1.882016658782959e-06,
      "std_delta": 4.416114677939092e-06,
      "n": 40
    },
    "16_1": {
      "mean_delta": 2.333223819732666e-05,
      "std_delta": 3.8823612343529355e-05,
      "n": 40
    },
    "20_1": {
      "mean_delta": 0.00013452619314193725,
      "std_delta": 0.0004535073948147742,
      "n": 40
    },
    "24_1": {
      "mean_delta": 0.013313163816928864,
      "std_delta": 0.03769994266242791,
      "n": 40
    },
    "28_1": {
      "mean_delta": 0.03254691362380981,
      "std_delta": 0.09391329472715544,
      "n": 40
    },
    "31_1": {
      "mean_delta": -0.25995712727308273,
      "std_delta": 0.42630266228775754,
      "n": 40
    },
    "0_2": {
      "mean_delta": 1.1876225471496582e-05,
      "std_delta": 7.446630742218436e-06,
      "n": 40
    },
    "4_2": {
      "mean_delta": 1.2004375457763672e-05,
      "std_delta": 5.672702777073593e-06,
      "n": 40
    },
    "8_2": {
      "mean_delta": 2.0228326320648193e-05,
      "std_delta": 1.0837328310558972e-05,
      "n": 40
    },
    "12_2": {
      "mean_delta": 6.4834952354431156e-06,
      "std_delta": 1.3556712437066776e-05,
      "n": 40
    },
    "16_2": {
      "mean_delta": 5.228966474533081e-05,
      "std_delta": 6.883544147026528e-05,
      "n": 40
    },
    "20_2": {
      "mean_delta": 0.00019733160734176637,
      "std_delta": 0.0003506268193841372,
      "n": 40
    },
    "24_2": {
      "mean_delta": 0.012944257259368897,
      "std_delta": 0.05234439870242171,
      "n": 40
    },
    "28_2": {
      "mean_delta": 0.025892917811870576,
      "std_delta": 0.07680885852789106,
      "n": 40
    },
    "31_2": {
      "mean_delta": -0.0568524956703186,
      "std_delta": 0.4178382421401745,
      "n": 40
    },
    "0_3": {
      "mean_delta": 1.2278556823730469e-05,
      "std_delta": 6.05939188832506e-06,
      "n": 40
    },
    "4_3": {
      "mean_delta": 1.09061598777771e-05,
      "std_delta": 5.260586674766274e-06,
      "n": 40
    },
    "8_3": {
      "mean_delta": 1.9060075283050536e-05,
      "std_delta": 1.3072064274310706e-05,
      "n": 40
    },
    "12_3": {
      "mean_delta": 6.332993507385254e-06,
      "std_delta": 1.5142452667177229e-05,
      "n": 40
    },
    "16_3": {
      "mean_delta": 6.80193305015564e-05,
      "std_delta": 9.736127345440901e-05,
      "n": 40
    },
    "20_3": {
      "mean_delta": 0.00019764751195907592,
      "std_delta": 0.0005419932662414973,
      "n": 40
    },
    "24_3": {
      "mean_delta": 0.0028827577829360963,
      "std_delta": 0.008994413933265756,
      "n": 40
    },
    "28_3": {
      "mean_delta": 0.0174563467502594,
      "std_delta": 0.052556713851645634,
      "n": 40
    },
    "31_3": {
      "mean_delta": 0.035756878554821014,
      "std_delta": 0.4971352412376713,
      "n": 40
    },
    "0_4": {
      "mean_delta": 1.1773407459259034e-05,
      "std_delta": 6.379590515162923e-06,
      "n": 40
    },
    "4_4": {
      "mean_delta": 8.77082347869873e-06,
      "std_delta": 3.955376757184578e-06,
      "n": 40
    },
    "8_4": {
      "mean_delta": 1.891106367111206e-05,
      "std_delta": 9.094680414136803e-06,
      "n": 40
    },
    "12_4": {
      "mean_delta": 7.744133472442628e-06,
      "std_delta": 1.8029204968541583e-05,
      "n": 40
    },
    "16_4": {
      "mean_delta": 0.00017081648111343383,
      "std_delta": 0.0004863897091034827,
      "n": 40
    },
    "20_4": {
      "mean_delta": -0.000563359260559082,
      "std_delta": 0.0062082089422580726,
      "n": 40
    },
    "24_4": {
      "mean_delta": 0.002864439785480499,
      "std_delta": 0.011515817872671448,
      "n": 40
    },
    "28_4": {
      "mean_delta": 0.02605138123035431,
      "std_delta": 0.0686116864272489,
      "n": 40
    },
    "31_4": {
      "mean_delta": 0.10604579001665115,
      "std_delta": 0.5847277212047999,
      "n": 40
    }
  },
  "losses": {
    "0_0": {
      "mean_delta": 2.4864077568054198e-05,
      "std_delta": 1.768688643626286e-05,
      "n": 40
    },
    "4_0": {
      "mean_delta": 6.856024265289307e-06,
      "std_delta": 2.9038073701024024e-06,
      "n": 40
    },
    "8_0": {
      "mean_delta": 8.55177640914917e-06,
      "std_delta": 5.9649776344754875e-06,
      "n": 40
    },
    "12_0": {
      "mean_delta": 4.416704177856445e-06,
      "std_delta": 3.6360494388095792e-06,
      "n": 40
    },
    "16_0": {
      "mean_delta": 1.874566078186035e-05,
      "std_delta": 2.4194805774416455e-05,
      "n": 40
    },
    "20_0": {
      "mean_delta": -9.465217590332032e-06,
      "std_delta": 0.00027477341176304366,
      "n": 40
    },
    "24_0": {
      "mean_delta": 0.004647171497344971,
      "std_delta": 0.02048969505091542,
      "n": 40
    },
    "28_0": {
      "mean_delta": 0.015365418791770936,
      "std_delta": 0.053956723346757815,
      "n": 40
    },
    "31_0": {
      "mean_delta": -0.22481887340545653,
      "std_delta": 0.4470195099647927,
      "n": 40
    },
    "0_1": {
      "mean_delta": 2.0606815814971925e-05,
      "std_delta": 1.4033179056713295e-05,
      "n": 40
    },
    "4_1": {
      "mean_delta": 8.58306884765625e-06,
      "std_delta": 4.241070479611389e-06,
      "n": 40
    },
    "8_1": {
      "mean_delta": 1.2476742267608642e-05,
      "std_delta": 1.1602564179996424e-05,
      "n": 40
    },
    "12_1": {
      "mean_delta": 3.0368566513061525e-06,
      "std_delta": 4.676913119947671e-06,
      "n": 40
    },
    "16_1": {
      "mean_delta": 1.3643503189086914e-05,
      "std_delta": 3.8268476934330815e-05,
      "n": 40
    },
    "20_1": {
      "mean_delta": 0.004762394726276398,
      "std_delta": 0.027354841546228324,
      "n": 40
    },
    "24_1": {
      "mean_delta": 0.008630983531475067,
      "std_delta": 0.02467462064630693,
      "n": 40
    },
    "28_1": {
      "mean_delta": 0.03398090451955795,
      "std_delta": 0.10373757199867292,
      "n": 40
    },
    "31_1": {
      "mean_delta": -0.19019592851400374,
      "std_delta": 0.4890031899047995,
      "n": 40
    },
    "0_2": {
      "mean_delta": 2.602487802505493e-05,
      "std_delta": 1.2606133574511836e-05,
      "n": 40
    },
    "4_2": {
      "mean_delta": 8.168816566467286e-06,
      "std_delta": 3.6592579812873117e-06,
      "n": 40
    },
    "8_2": {
      "mean_delta": 1.533478498458862e-05,
      "std_delta": 9.785768409451257e-06,
      "n": 40
    },
    "12_2": {
      "mean_delta": 4.1425228118896484e-06,
      "std_delta": 1.1524408168449208e-05,